,AP,BLESS,Battig,ESSLI_1a,ESSLI_2b,ESSLI_2c,MEN,MTurk,RG65,RW,SimLex999,WS353,WS353R,WS353S,Google,MSR,SemEval2012_2
0,0.6666666666666666,0.8200000000000001,0.4035557254826993,0.75,0.8250000000000001,0.6444444444444445,0.7374646969805517,0.6331819978847202,0.7695249788612132,0.3670718994942542,0.37050030483961854,0.5433379373797446,0.47751092048901,0.6620425797248416,0.7174068767908309,0.61475,0.16982478875342727
